file,line,type,commit,author,date,time,timezone,datetime,depth,length
style.css,1,css,e4c73750,calwilee,2025-01-09,22:22:58,-08:00,2025-01-09T22:22:58-08:00,0,5
style.css,2,css,e4c73750,calwilee,2025-01-09,22:22:58,-08:00,2025-01-09T22:22:58-08:00,0,44
style.css,3,css,e4c73750,calwilee,2025-01-09,22:22:58,-08:00,2025-01-09T22:22:58-08:00,0,43
style.css,4,css,e4c73750,calwilee,2025-01-09,22:22:58,-08:00,2025-01-09T22:22:58-08:00,0,1
style.css,5,css,e4c73750,calwilee,2025-01-09,22:22:58,-08:00,2025-01-09T22:22:58-08:00,0,24
style.css,6,css,245ad1c9,calwilee,2025-01-17,16:41:28,-08:00,2025-01-17T16:41:28-08:00,0,16
style.css,7,css,245ad1c9,calwilee,2025-01-17,16:41:28,-08:00,2025-01-17T16:41:28-08:00,0,19
style.css,8,css,245ad1c9,calwilee,2025-01-17,16:41:28,-08:00,2025-01-17T16:41:28-08:00,0,43
style.css,9,css,245ad1c9,calwilee,2025-01-17,16:41:28,-08:00,2025-01-17T16:41:28-08:00,0,0
style.css,10,css,245ad1c9,calwilee,2025-01-17,16:41:28,-08:00,2025-01-17T16:41:28-08:00,0,0
style.css,11,css,245ad1c9,calwilee,2025-01-17,16:41:28,-08:00,2025-01-17T16:41:28-08:00,0,4
style.css,12,css,245ad1c9,calwilee,2025-01-17,16:41:28,-08:00,2025-01-17T16:41:28-08:00,0,13
style.css,13,css,245ad1c9,calwilee,2025-01-17,16:41:28,-08:00,2025-01-17T16:41:28-08:00,0,18
style.css,14,css,245ad1c9,calwilee,2025-01-17,16:41:28,-08:00,2025-01-17T16:41:28-08:00,0,0
style.css,15,css,245ad1c9,calwilee,2025-01-17,16:41:28,-08:00,2025-01-17T16:41:28-08:00,0,18
style.css,16,css,245ad1c9,calwilee,2025-01-17,16:41:28,-08:00,2025-01-17T16:41:28-08:00,0,24
style.css,17,css,245ad1c9,calwilee,2025-01-17,16:41:28,-08:00,2025-01-17T16:41:28-08:00,0,26
style.css,18,css,4f2bde1b,calwilee,2025-01-24,23:59:33,-08:00,2025-01-24T23:59:33-08:00,0,40
style.css,19,css,245ad1c9,calwilee,2025-01-17,16:41:28,-08:00,2025-01-17T16:41:28-08:00,0,1
style.css,20,css,245ad1c9,calwilee,2025-01-17,16:41:28,-08:00,2025-01-17T16:41:28-08:00,0,0
style.css,21,css,245ad1c9,calwilee,2025-01-17,16:41:28,-08:00,2025-01-17T16:41:28-08:00,0,21
style.css,22,css,245ad1c9,calwilee,2025-01-17,16:41:28,-08:00,2025-01-17T16:41:28-08:00,0,14
style.css,23,css,245ad1c9,calwilee,2025-01-17,16:41:28,-08:00,2025-01-17T16:41:28-08:00,0,13
style.css,24,css,245ad1c9,calwilee,2025-01-17,16:41:28,-08:00,2025-01-17T16:41:28-08:00,0,6
style.css,25,css,245ad1c9,calwilee,2025-01-17,16:41:28,-08:00,2025-01-17T16:41:28-08:00,0,7
style.css,26,css,4f2bde1b,calwilee,2025-01-24,23:59:33,-08:00,2025-01-24T23:59:33-08:00,0,70
style.css,27,css,245ad1c9,calwilee,2025-01-17,16:41:28,-08:00,2025-01-17T16:41:28-08:00,0,26
style.css,28,css,245ad1c9,calwilee,2025-01-17,16:41:28,-08:00,2025-01-17T16:41:28-08:00,0,26
style.css,29,css,245ad1c9,calwilee,2025-01-17,16:41:28,-08:00,2025-01-17T16:41:28-08:00,0,40
style.css,30,css,245ad1c9,calwilee,2025-01-17,16:41:28,-08:00,2025-01-17T16:41:28-08:00,0,19
style.css,31,css,245ad1c9,calwilee,2025-01-17,16:41:28,-08:00,2025-01-17T16:41:28-08:00,0,0
style.css,32,css,245ad1c9,calwilee,2025-01-17,16:41:28,-08:00,2025-01-17T16:41:28-08:00,0,0
style.css,33,css,245ad1c9,calwilee,2025-01-17,16:41:28,-08:00,2025-01-17T16:41:28-08:00,0,0
style.css,34,css,245ad1c9,calwilee,2025-01-17,16:41:28,-08:00,2025-01-17T16:41:28-08:00,0,0
style.css,35,css,245ad1c9,calwilee,2025-01-17,16:41:28,-08:00,2025-01-17T16:41:28-08:00,0,0
style.css,36,css,245ad1c9,calwilee,2025-01-17,16:41:28,-08:00,2025-01-17T16:41:28-08:00,0,8
style.css,37,css,245ad1c9,calwilee,2025-01-17,16:41:28,-08:00,2025-01-17T16:41:28-08:00,0,17
style.css,38,css,245ad1c9,calwilee,2025-01-17,16:41:28,-08:00,2025-01-17T16:41:28-08:00,0,26
style.css,39,css,245ad1c9,calwilee,2025-01-17,16:41:28,-08:00,2025-01-17T16:41:28-08:00,0,26
style.css,40,css,245ad1c9,calwilee,2025-01-17,16:41:28,-08:00,2025-01-17T16:41:28-08:00,0,38
style.css,41,css,245ad1c9,calwilee,2025-01-17,16:41:28,-08:00,2025-01-17T16:41:28-08:00,0,19
style.css,42,css,245ad1c9,calwilee,2025-01-17,16:41:28,-08:00,2025-01-17T16:41:28-08:00,0,0
style.css,43,css,245ad1c9,calwilee,2025-01-17,16:41:28,-08:00,2025-01-17T16:41:28-08:00,0,0
style.css,44,css,245ad1c9,calwilee,2025-01-17,16:41:28,-08:00,2025-01-17T16:41:28-08:00,0,0
style.css,45,css,245ad1c9,calwilee,2025-01-17,16:41:28,-08:00,2025-01-17T16:41:28-08:00,0,0
style.css,46,css,245ad1c9,calwilee,2025-01-17,16:41:28,-08:00,2025-01-17T16:41:28-08:00,0,4
style.css,47,css,245ad1c9,calwilee,2025-01-17,16:41:28,-08:00,2025-01-17T16:41:28-08:00,0,13
style.css,48,css,245ad1c9,calwilee,2025-01-17,16:41:28,-08:00,2025-01-17T16:41:28-08:00,0,31
style.css,49,css,245ad1c9,calwilee,2025-01-17,16:41:28,-08:00,2025-01-17T16:41:28-08:00,0,8
style.css,50,css,245ad1c9,calwilee,2025-01-17,16:41:28,-08:00,2025-01-17T16:41:28-08:00,0,5
style.css,51,css,245ad1c9,calwilee,2025-01-17,16:41:28,-08:00,2025-01-17T16:41:28-08:00,0,13
style.css,52,css,245ad1c9,calwilee,2025-01-17,16:41:28,-08:00,2025-01-17T16:41:28-08:00,0,30
style.css,53,css,245ad1c9,calwilee,2025-01-17,16:41:28,-08:00,2025-01-17T16:41:28-08:00,0,19
style.css,54,css,245ad1c9,calwilee,2025-01-17,16:41:28,-08:00,2025-01-17T16:41:28-08:00,0,1
style.css,55,css,245ad1c9,calwilee,2025-01-17,16:41:28,-08:00,2025-01-17T16:41:28-08:00,0,6
style.css,56,css,245ad1c9,calwilee,2025-01-17,16:41:28,-08:00,2025-01-17T16:41:28-08:00,0,19
style.css,57,css,245ad1c9,calwilee,2025-01-17,16:41:28,-08:00,2025-01-17T16:41:28-08:00,0,0
style.css,58,css,245ad1c9,calwilee,2025-01-17,16:41:28,-08:00,2025-01-17T16:41:28-08:00,0,0
style.css,59,css,245ad1c9,calwilee,2025-01-17,16:41:28,-08:00,2025-01-17T16:41:28-08:00,0,0
style.css,60,css,245ad1c9,calwilee,2025-01-17,16:41:28,-08:00,2025-01-17T16:41:28-08:00,0,0
style.css,61,css,245ad1c9,calwilee,2025-01-17,16:41:28,-08:00,2025-01-17T16:41:28-08:00,0,0
style.css,62,css,245ad1c9,calwilee,2025-01-17,16:41:28,-08:00,2025-01-17T16:41:28-08:00,0,0
style.css,63,css,245ad1c9,calwilee,2025-01-17,16:41:28,-08:00,2025-01-17T16:41:28-08:00,0,0
style.css,64,css,fe57daae,calwilee,2025-02-08,03:22:29,-08:00,2025-02-08T03:22:29-08:00,0,0
style.css,65,css,245ad1c9,calwilee,2025-01-17,16:41:28,-08:00,2025-01-17T16:41:28-08:00,0,9
style.css,66,css,245ad1c9,calwilee,2025-01-17,16:41:28,-08:00,2025-01-17T16:41:28-08:00,0,13
style.css,67,css,245ad1c9,calwilee,2025-01-17,16:41:28,-08:00,2025-01-17T16:41:28-08:00,0,59
style.css,68,css,245ad1c9,calwilee,2025-01-17,16:41:28,-08:00,2025-01-17T16:41:28-08:00,0,7
style.css,69,css,245ad1c9,calwilee,2025-01-17,16:41:28,-08:00,2025-01-17T16:41:28-08:00,0,13
style.css,70,css,245ad1c9,calwilee,2025-01-17,16:41:28,-08:00,2025-01-17T16:41:28-08:00,0,27
style.css,71,css,245ad1c9,calwilee,2025-01-17,16:41:28,-08:00,2025-01-17T16:41:28-08:00,0,16
style.css,72,css,245ad1c9,calwilee,2025-01-17,16:41:28,-08:00,2025-01-17T16:41:28-08:00,0,9
style.css,73,css,245ad1c9,calwilee,2025-01-17,16:41:28,-08:00,2025-01-17T16:41:28-08:00,0,11
style.css,74,css,245ad1c9,calwilee,2025-01-17,16:41:28,-08:00,2025-01-17T16:41:28-08:00,0,0
style.css,75,css,245ad1c9,calwilee,2025-01-17,16:41:28,-08:00,2025-01-17T16:41:28-08:00,0,2
style.css,76,css,245ad1c9,calwilee,2025-01-17,16:41:28,-08:00,2025-01-17T16:41:28-08:00,0,8
style.css,77,css,245ad1c9,calwilee,2025-01-17,16:41:28,-08:00,2025-01-17T16:41:28-08:00,0,0
style.css,78,css,245ad1c9,calwilee,2025-01-17,16:41:28,-08:00,2025-01-17T16:41:28-08:00,0,0
style.css,79,css,245ad1c9,calwilee,2025-01-17,16:41:28,-08:00,2025-01-17T16:41:28-08:00,0,0
style.css,80,css,245ad1c9,calwilee,2025-01-17,16:41:28,-08:00,2025-01-17T16:41:28-08:00,0,4
style.css,81,css,4f2bde1b,calwilee,2025-01-24,23:59:33,-08:00,2025-01-24T23:59:33-08:00,0,0
style.css,82,css,4f2bde1b,calwilee,2025-01-24,23:59:33,-08:00,2025-01-24T23:59:33-08:00,0,0
style.css,83,css,4f2bde1b,calwilee,2025-01-24,23:59:33,-08:00,2025-01-24T23:59:33-08:00,0,0
style.css,84,css,4f2bde1b,calwilee,2025-01-24,23:59:33,-08:00,2025-01-24T23:59:33-08:00,0,0
style.css,85,css,4f2bde1b,calwilee,2025-01-24,23:59:33,-08:00,2025-01-24T23:59:33-08:00,0,24
style.css,86,css,245ad1c9,calwilee,2025-01-17,16:41:28,-08:00,2025-01-17T16:41:28-08:00,0,23
style.css,87,css,245ad1c9,calwilee,2025-01-17,16:41:28,-08:00,2025-01-17T16:41:28-08:00,0,0
style.css,88,css,245ad1c9,calwilee,2025-01-17,16:41:28,-08:00,2025-01-17T16:41:28-08:00,0,2
style.css,89,css,245ad1c9,calwilee,2025-01-17,16:41:28,-08:00,2025-01-17T16:41:28-08:00,0,10
style.css,90,css,245ad1c9,calwilee,2025-01-17,16:41:28,-08:00,2025-01-17T16:41:28-08:00,0,0
style.css,91,css,245ad1c9,calwilee,2025-01-17,16:41:28,-08:00,2025-01-17T16:41:28-08:00,0,21
style.css,92,css,245ad1c9,calwilee,2025-01-17,16:41:28,-08:00,2025-01-17T16:41:28-08:00,0,0
style.css,93,css,245ad1c9,calwilee,2025-01-17,16:41:28,-08:00,2025-01-17T16:41:28-08:00,0,16
style.css,94,css,245ad1c9,calwilee,2025-01-17,16:41:28,-08:00,2025-01-17T16:41:28-08:00,0,18
style.css,95,css,245ad1c9,calwilee,2025-01-17,16:41:28,-08:00,2025-01-17T16:41:28-08:00,0,0
style.css,96,css,245ad1c9,calwilee,2025-01-17,16:41:28,-08:00,2025-01-17T16:41:28-08:00,0,0
style.css,97,css,4f2bde1b,calwilee,2025-01-24,23:59:33,-08:00,2025-01-24T23:59:33-08:00,0,4
style.css,98,css,4f2bde1b,calwilee,2025-01-24,23:59:33,-08:00,2025-01-24T23:59:33-08:00,0,40
style.css,99,css,4f2bde1b,calwilee,2025-01-24,23:59:33,-08:00,2025-01-24T23:59:33-08:00,0,42
style.css,100,css,4f2bde1b,calwilee,2025-01-24,23:59:33,-08:00,2025-01-24T23:59:33-08:00,0,0
style.css,101,css,4f2bde1b,calwilee,2025-01-24,23:59:33,-08:00,2025-01-24T23:59:33-08:00,0,0
style.css,102,css,4f2bde1b,calwilee,2025-01-24,23:59:33,-08:00,2025-01-24T23:59:33-08:00,0,13
style.css,103,css,4f2bde1b,calwilee,2025-01-24,23:59:33,-08:00,2025-01-24T23:59:33-08:00,0,9
style.css,104,css,4f2bde1b,calwilee,2025-01-24,23:59:33,-08:00,2025-01-24T23:59:33-08:00,0,11
style.css,105,css,4f2bde1b,calwilee,2025-01-24,23:59:33,-08:00,2025-01-24T23:59:33-08:00,0,18
style.css,106,css,4f2bde1b,calwilee,2025-01-24,23:59:33,-08:00,2025-01-24T23:59:33-08:00,0,20
style.css,107,css,4f2bde1b,calwilee,2025-01-24,23:59:33,-08:00,2025-01-24T23:59:33-08:00,0,14
style.css,108,css,4f2bde1b,calwilee,2025-01-24,23:59:33,-08:00,2025-01-24T23:59:33-08:00,0,17
style.css,109,css,4f2bde1b,calwilee,2025-01-24,23:59:33,-08:00,2025-01-24T23:59:33-08:00,0,0
style.css,110,css,fe57daae,calwilee,2025-02-08,03:22:29,-08:00,2025-02-08T03:22:29-08:00,0,3
style.css,111,css,fe57daae,calwilee,2025-02-08,03:22:29,-08:00,2025-02-08T03:22:29-08:00,0,13
style.css,112,css,fe57daae,calwilee,2025-02-08,03:22:29,-08:00,2025-02-08T03:22:29-08:00,0,59
style.css,113,css,fe57daae,calwilee,2025-02-08,03:22:29,-08:00,2025-02-08T03:22:29-08:00,0,21
style.css,114,css,fe57daae,calwilee,2025-02-08,03:22:29,-08:00,2025-02-08T03:22:29-08:00,0,0
style.css,115,css,fe57daae,calwilee,2025-02-08,03:22:29,-08:00,2025-02-08T03:22:29-08:00,0,0
style.css,116,css,fe57daae,calwilee,2025-02-08,03:22:29,-08:00,2025-02-08T03:22:29-08:00,0,7
style.css,117,css,fe57daae,calwilee,2025-02-08,03:22:29,-08:00,2025-02-08T03:22:29-08:00,0,13
style.css,118,css,fe57daae,calwilee,2025-02-08,03:22:29,-08:00,2025-02-08T03:22:29-08:00,0,22
style.css,119,css,fe57daae,calwilee,2025-02-08,03:22:29,-08:00,2025-02-08T03:22:29-08:00,0,23
style.css,120,css,fe57daae,calwilee,2025-02-08,03:22:29,-08:00,2025-02-08T03:22:29-08:00,0,0
style.css,121,css,fe57daae,calwilee,2025-02-08,03:22:29,-08:00,2025-02-08T03:22:29-08:00,0,0
style.css,122,css,fe57daae,calwilee,2025-02-08,03:22:29,-08:00,2025-02-08T03:22:29-08:00,0,3
style.css,123,css,fe57daae,calwilee,2025-02-08,03:22:29,-08:00,2025-02-08T03:22:29-08:00,0,20
style.css,124,css,fe57daae,calwilee,2025-02-08,03:22:29,-08:00,2025-02-08T03:22:29-08:00,0,16
style.css,125,css,fe57daae,calwilee,2025-02-08,03:22:29,-08:00,2025-02-08T03:22:29-08:00,0,0
style.css,126,css,fe57daae,calwilee,2025-02-08,03:22:29,-08:00,2025-02-08T03:22:29-08:00,0,0
style.css,127,css,fe57daae,calwilee,2025-02-08,03:22:29,-08:00,2025-02-08T03:22:29-08:00,0,3
style.css,128,css,fe57daae,calwilee,2025-02-08,03:22:29,-08:00,2025-02-08T03:22:29-08:00,0,16
style.css,129,css,fe57daae,calwilee,2025-02-08,03:22:29,-08:00,2025-02-08T03:22:29-08:00,0,9
style.css,130,css,fe57daae,calwilee,2025-02-08,03:22:29,-08:00,2025-02-08T03:22:29-08:00,0,0
style.css,131,css,fe57daae,calwilee,2025-02-08,03:22:29,-08:00,2025-02-08T03:22:29-08:00,0,19
style.css,132,css,fe57daae,calwilee,2025-02-08,03:22:29,-08:00,2025-02-08T03:22:29-08:00,0,15
style.css,133,css,fe57daae,calwilee,2025-02-08,03:22:29,-08:00,2025-02-08T03:22:29-08:00,0,17
style.css,134,css,fe57daae,calwilee,2025-02-08,03:22:29,-08:00,2025-02-08T03:22:29-08:00,0,0
style.css,135,css,fe57daae,calwilee,2025-02-08,03:22:29,-08:00,2025-02-08T03:22:29-08:00,0,17
style.css,136,css,fe57daae,calwilee,2025-02-08,03:22:29,-08:00,2025-02-08T03:22:29-08:00,0,0
style.css,137,css,fe57daae,calwilee,2025-02-08,03:22:29,-08:00,2025-02-08T03:22:29-08:00,0,11
style.css,138,css,fe57daae,calwilee,2025-02-08,03:22:29,-08:00,2025-02-08T03:22:29-08:00,0,13
style.css,139,css,fe57daae,calwilee,2025-02-08,03:22:29,-08:00,2025-02-08T03:22:29-08:00,0,19
style.css,140,css,fe57daae,calwilee,2025-02-08,03:22:29,-08:00,2025-02-08T03:22:29-08:00,0,21
style.css,141,css,fe57daae,calwilee,2025-02-08,03:22:29,-08:00,2025-02-08T03:22:29-08:00,0,0
style.css,142,css,fe57daae,calwilee,2025-02-08,03:22:29,-08:00,2025-02-08T03:22:29-08:00,0,0
style.css,143,css,fe57daae,calwilee,2025-02-08,03:22:29,-08:00,2025-02-08T03:22:29-08:00,0,19
style.css,144,css,fe57daae,calwilee,2025-02-08,03:22:29,-08:00,2025-02-08T03:22:29-08:00,0,15
style.css,145,css,fe57daae,calwilee,2025-02-08,03:22:29,-08:00,2025-02-08T03:22:29-08:00,0,0
style.css,146,css,fe57daae,calwilee,2025-02-08,03:22:29,-08:00,2025-02-08T03:22:29-08:00,0,0
style.css,147,css,fe57daae,calwilee,2025-02-08,03:22:29,-08:00,2025-02-08T03:22:29-08:00,0,8
style.css,148,css,fe57daae,calwilee,2025-02-08,03:22:29,-08:00,2025-02-08T03:22:29-08:00,0,11
style.css,149,css,fe57daae,calwilee,2025-02-08,03:22:29,-08:00,2025-02-08T03:22:29-08:00,0,13
style.css,150,css,fe57daae,calwilee,2025-02-08,03:22:29,-08:00,2025-02-08T03:22:29-08:00,0,58
style.css,151,css,fe57daae,calwilee,2025-02-08,03:22:29,-08:00,2025-02-08T03:22:29-08:00,0,8
style.css,152,css,fe57daae,calwilee,2025-02-08,03:22:29,-08:00,2025-02-08T03:22:29-08:00,0,23
style.css,153,css,fe57daae,calwilee,2025-02-08,03:22:29,-08:00,2025-02-08T03:22:29-08:00,0,28
style.css,154,css,fe57daae,calwilee,2025-02-08,03:22:29,-08:00,2025-02-08T03:22:29-08:00,0,9
style.css,155,css,fe57daae,calwilee,2025-02-08,03:22:29,-08:00,2025-02-08T03:22:29-08:00,0,12
style.css,156,css,fe57daae,calwilee,2025-02-08,03:22:29,-08:00,2025-02-08T03:22:29-08:00,0,7
style.css,157,css,fe57daae,calwilee,2025-02-08,03:22:29,-08:00,2025-02-08T03:22:29-08:00,0,0
style.css,158,css,fe57daae,calwilee,2025-02-08,03:22:29,-08:00,2025-02-08T03:22:29-08:00,0,0
style.css,159,css,fe57daae,calwilee,2025-02-08,03:22:29,-08:00,2025-02-08T03:22:29-08:00,0,11
style.css,160,css,fe57daae,calwilee,2025-02-08,03:22:29,-08:00,2025-02-08T03:22:29-08:00,0,15
style.css,161,css,fe57daae,calwilee,2025-02-08,03:22:29,-08:00,2025-02-08T03:22:29-08:00,0,11
style.css,162,css,fe57daae,calwilee,2025-02-08,03:22:29,-08:00,2025-02-08T03:22:29-08:00,0,0
style.css,163,css,fe57daae,calwilee,2025-02-08,03:22:29,-08:00,2025-02-08T03:22:29-08:00,0,0
style.css,164,css,fe57daae,calwilee,2025-02-08,03:22:29,-08:00,2025-02-08T03:22:29-08:00,0,0
style.css,165,css,fe57daae,calwilee,2025-02-08,03:22:29,-08:00,2025-02-08T03:22:29-08:00,0,11
style.css,166,css,fe57daae,calwilee,2025-02-08,03:22:29,-08:00,2025-02-08T03:22:29-08:00,0,16
style.css,167,css,fe57daae,calwilee,2025-02-08,03:22:29,-08:00,2025-02-08T03:22:29-08:00,0,19
style.css,168,css,fe57daae,calwilee,2025-02-08,03:22:29,-08:00,2025-02-08T03:22:29-08:00,0,0
style.css,169,css,fe57daae,calwilee,2025-02-08,03:22:29,-08:00,2025-02-08T03:22:29-08:00,0,0
style.css,170,css,fe57daae,calwilee,2025-02-08,03:22:29,-08:00,2025-02-08T03:22:29-08:00,0,8
style.css,171,css,fe57daae,calwilee,2025-02-08,03:22:29,-08:00,2025-02-08T03:22:29-08:00,0,21
style.css,172,css,fe57daae,calwilee,2025-02-08,03:22:29,-08:00,2025-02-08T03:22:29-08:00,0,10
style.css,173,css,fe57daae,calwilee,2025-02-08,03:22:29,-08:00,2025-02-08T03:22:29-08:00,0,11
style.css,174,css,fe57daae,calwilee,2025-02-08,03:22:29,-08:00,2025-02-08T03:22:29-08:00,0,19
style.css,175,css,fe57daae,calwilee,2025-02-08,03:22:29,-08:00,2025-02-08T03:22:29-08:00,0,0
style.css,176,css,fe57daae,calwilee,2025-02-08,03:22:29,-08:00,2025-02-08T03:22:29-08:00,0,0
style.css,177,css,fe57daae,calwilee,2025-02-08,03:22:29,-08:00,2025-02-08T03:22:29-08:00,0,18
style.css,178,css,fe57daae,calwilee,2025-02-08,03:22:29,-08:00,2025-02-08T03:22:29-08:00,0,17
style.css,179,css,fe57daae,calwilee,2025-02-08,03:22:29,-08:00,2025-02-08T03:22:29-08:00,0,12
style.css,180,css,fe57daae,calwilee,2025-02-08,03:22:29,-08:00,2025-02-08T03:22:29-08:00,0,0
style.css,181,css,fe57daae,calwilee,2025-02-08,03:22:29,-08:00,2025-02-08T03:22:29-08:00,0,0
style.css,182,css,fe57daae,calwilee,2025-02-08,03:22:29,-08:00,2025-02-08T03:22:29-08:00,0,0
style.css,183,css,fe57daae,calwilee,2025-02-08,03:22:29,-08:00,2025-02-08T03:22:29-08:00,0,5
style.css,184,css,fe57daae,calwilee,2025-02-08,03:22:29,-08:00,2025-02-08T03:22:29-08:00,0,17
style.css,185,css,fe57daae,calwilee,2025-02-08,03:22:29,-08:00,2025-02-08T03:22:29-08:00,0,15
style.css,186,css,fe57daae,calwilee,2025-02-08,03:22:29,-08:00,2025-02-08T03:22:29-08:00,0,0
style.css,187,css,fe57daae,calwilee,2025-02-08,03:22:29,-08:00,2025-02-08T03:22:29-08:00,0,0
style.css,188,css,fe57daae,calwilee,2025-02-08,03:22:29,-08:00,2025-02-08T03:22:29-08:00,0,14
style.css,189,css,fe57daae,calwilee,2025-02-08,03:22:29,-08:00,2025-02-08T03:22:29-08:00,0,33
style.css,190,css,fe57daae,calwilee,2025-02-08,03:22:29,-08:00,2025-02-08T03:22:29-08:00,0,0
style.css,191,css,fe57daae,calwilee,2025-02-08,03:22:29,-08:00,2025-02-08T03:22:29-08:00,0,0
style.css,192,css,fe57daae,calwilee,2025-02-08,03:22:29,-08:00,2025-02-08T03:22:29-08:00,0,28
style.css,193,css,fe57daae,calwilee,2025-02-08,03:22:29,-08:00,2025-02-08T03:22:29-08:00,0,45
style.css,194,css,fe57daae,calwilee,2025-02-08,03:22:29,-08:00,2025-02-08T03:22:29-08:00,0,0
style.css,195,css,fe57daae,calwilee,2025-02-08,03:22:29,-08:00,2025-02-08T03:22:29-08:00,0,0
style.css,196,css,fe57daae,calwilee,2025-02-08,03:22:29,-08:00,2025-02-08T03:22:29-08:00,0,11
style.css,197,css,fe57daae,calwilee,2025-02-08,03:22:29,-08:00,2025-02-08T03:22:29-08:00,0,13
style.css,198,css,fe57daae,calwilee,2025-02-08,03:22:29,-08:00,2025-02-08T03:22:29-08:00,0,15
style.css,199,css,fe57daae,calwilee,2025-02-08,03:22:29,-08:00,2025-02-08T03:22:29-08:00,0,0
style.css,200,css,fe57daae,calwilee,2025-02-08,03:22:29,-08:00,2025-02-08T03:22:29-08:00,0,11
style.css,201,css,fe57daae,calwilee,2025-02-08,03:22:29,-08:00,2025-02-08T03:22:29-08:00,0,21
style.css,202,css,fe57daae,calwilee,2025-02-08,03:22:29,-08:00,2025-02-08T03:22:29-08:00,0,0
style.css,203,css,fe57daae,calwilee,2025-02-08,03:22:29,-08:00,2025-02-08T03:22:29-08:00,0,0
style.css,204,css,fe57daae,calwilee,2025-02-08,03:22:29,-08:00,2025-02-08T03:22:29-08:00,0,5
style.css,205,css,fe57daae,calwilee,2025-02-08,03:22:29,-08:00,2025-02-08T03:22:29-08:00,0,17
style.css,206,css,fe57daae,calwilee,2025-02-08,03:22:29,-08:00,2025-02-08T03:22:29-08:00,0,0
style.css,207,css,fe57daae,calwilee,2025-02-08,03:22:29,-08:00,2025-02-08T03:22:29-08:00,0,0
style.css,208,css,fe57daae,calwilee,2025-02-08,03:22:29,-08:00,2025-02-08T03:22:29-08:00,0,10
style.css,209,css,fe57daae,calwilee,2025-02-08,03:22:29,-08:00,2025-02-08T03:22:29-08:00,0,36
style.css,210,css,fe57daae,calwilee,2025-02-08,03:22:29,-08:00,2025-02-08T03:22:29-08:00,0,0
style.css,211,css,fe57daae,calwilee,2025-02-08,03:22:29,-08:00,2025-02-08T03:22:29-08:00,0,11
style.css,212,css,fe57daae,calwilee,2025-02-08,03:22:29,-08:00,2025-02-08T03:22:29-08:00,0,18
style.css,213,css,fe57daae,calwilee,2025-02-08,03:22:29,-08:00,2025-02-08T03:22:29-08:00,0,0
style.css,214,css,fe57daae,calwilee,2025-02-08,03:22:29,-08:00,2025-02-08T03:22:29-08:00,0,0
index.js,1,js,fe57daae,calwilee,2025-02-08,03:22:29,-08:00,2025-02-08T03:22:29-08:00,0,71
index.js,2,js,fe57daae,calwilee,2025-02-08,03:22:29,-08:00,2025-02-08T03:22:29-08:00,0,55
index.js,3,js,fe57daae,calwilee,2025-02-08,03:22:29,-08:00,2025-02-08T03:22:29-08:00,0,43
index.js,4,js,fe57daae,calwilee,2025-02-08,03:22:29,-08:00,2025-02-08T03:22:29-08:00,0,61
index.js,5,js,fe57daae,calwilee,2025-02-08,03:22:29,-08:00,2025-02-08T03:22:29-08:00,0,55
index.js,6,js,fe57daae,calwilee,2025-02-08,03:22:29,-08:00,2025-02-08T03:22:29-08:00,0,52
index.js,7,js,fe57daae,calwilee,2025-02-08,03:22:29,-08:00,2025-02-08T03:22:29-08:00,0,61
index.js,8,js,fe57daae,calwilee,2025-02-08,03:22:29,-08:00,2025-02-08T03:22:29-08:00,0,0
index.js,9,js,fe57daae,calwilee,2025-02-08,03:22:29,-08:00,2025-02-08T03:22:29-08:00,0,18
index.js,10,js,fe57daae,calwilee,2025-02-08,03:22:29,-08:00,2025-02-08T03:22:29-08:00,0,25
index.js,11,js,fe57daae,calwilee,2025-02-08,03:22:29,-08:00,2025-02-08T03:22:29-08:00,0,3
index.js,12,js,fe57daae,calwilee,2025-02-08,03:22:29,-08:00,2025-02-08T03:22:29-08:00,0,56
index.js,13,js,fe57daae,calwilee,2025-02-08,03:22:29,-08:00,2025-02-08T03:22:29-08:00,0,56
index.js,14,js,fe57daae,calwilee,2025-02-08,03:22:29,-08:00,2025-02-08T03:22:29-08:00,0,50
index.js,15,js,fe57daae,calwilee,2025-02-08,03:22:29,-08:00,2025-02-08T03:22:29-08:00,0,50
index.js,16,js,fe57daae,calwilee,2025-02-08,03:22:29,-08:00,2025-02-08T03:22:29-08:00,0,4
index.js,17,js,fe57daae,calwilee,2025-02-08,03:22:29,-08:00,2025-02-08T03:22:29-08:00,0,1
index.js,18,js,fe57daae,calwilee,2025-02-08,03:22:29,-08:00,2025-02-08T03:22:29-08:00,0,0
index.js,19,js,fe57daae,calwilee,2025-02-08,03:22:29,-08:00,2025-02-08T03:22:29-08:00,0,24
index.js,20,js,fe57daae,calwilee,2025-02-08,03:22:29,-08:00,2025-02-08T03:22:29-08:00,0,0
index.html,1,html,cdaa98ce,calwilee,2025-01-08,19:43:58,-08:00,2025-01-08T19:43:58-08:00,0,14
index.html,2,html,8b31634a,calwilee,2025-01-25,00:03:42,-08:00,2025-01-25T00:03:42-08:00,0,31
index.html,3,html,cdaa98ce,calwilee,2025-01-08,19:43:58,-08:00,2025-01-08T19:43:58-08:00,0,5
index.html,4,html,cdaa98ce,calwilee,2025-01-08,19:43:58,-08:00,2025-01-08T19:43:58-08:00,0,21
index.html,5,html,cdaa98ce,calwilee,2025-01-08,19:43:58,-08:00,2025-01-08T19:43:58-08:00,0,69
index.html,6,html,e4c73750,calwilee,2025-01-09,22:22:58,-08:00,2025-01-09T22:22:58-08:00,0,39
index.html,7,html,cb092178,calwilee,2025-01-09,21:05:42,-08:00,2025-01-09T21:05:42-08:00,0,52
index.html,8,html,cdaa98ce,calwilee,2025-01-08,19:43:58,-08:00,2025-01-08T19:43:58-08:00,0,6
index.html,9,html,cdaa98ce,calwilee,2025-01-08,19:43:58,-08:00,2025-01-08T19:43:58-08:00,0,5
index.html,10,html,1199f78b,calwilee,2025-01-24,23:27:44,-08:00,2025-01-24T23:27:44-08:00,0,46
index.html,11,html,fe57daae,calwilee,2025-02-08,03:22:29,-08:00,2025-02-08T03:22:29-08:00,0,45
index.html,12,html,1199f78b,calwilee,2025-01-24,23:27:44,-08:00,2025-01-24T23:27:44-08:00,0,0
index.html,13,html,1199f78b,calwilee,2025-01-24,23:27:44,-08:00,2025-01-24T23:27:44-08:00,0,0
index.html,14,html,1199f78b,calwilee,2025-01-24,23:27:44,-08:00,2025-01-24T23:27:44-08:00,0,10
index.html,15,html,1199f78b,calwilee,2025-01-24,23:27:44,-08:00,2025-01-24T23:27:44-08:00,0,29
index.html,16,html,e4c73750,calwilee,2025-01-09,22:22:58,-08:00,2025-01-09T22:22:58-08:00,0,39
index.html,17,html,e4c73750,calwilee,2025-01-09,22:22:58,-08:00,2025-01-09T22:22:58-08:00,0,41
index.html,18,html,e4c73750,calwilee,2025-01-09,22:22:58,-08:00,2025-01-09T22:22:58-08:00,0,65
index.html,19,html,102568c1,calwilee,2025-01-17,22:14:01,-08:00,2025-01-17T22:14:01-08:00,0,39
index.html,20,html,1199f78b,calwilee,2025-01-24,23:27:44,-08:00,2025-01-24T23:27:44-08:00,0,9
index.html,21,html,245ad1c9,calwilee,2025-01-17,16:41:28,-08:00,2025-01-17T16:41:28-08:00,0,0
index.html,22,html,cb092178,calwilee,2025-01-09,21:05:42,-08:00,2025-01-09T21:05:42-08:00,0,18
index.html,23,html,245ad1c9,calwilee,2025-01-17,16:41:28,-08:00,2025-01-17T16:41:28-08:00,0,0
index.html,24,html,e4c73750,calwilee,2025-01-09,22:22:58,-08:00,2025-01-09T22:22:58-08:00,0,69
index.html,25,html,245ad1c9,calwilee,2025-01-17,16:41:28,-08:00,2025-01-17T16:41:28-08:00,0,150
index.html,26,html,245ad1c9,calwilee,2025-01-17,16:41:28,-08:00,2025-01-17T16:41:28-08:00,0,0
index.html,27,html,245ad1c9,calwilee,2025-01-17,16:41:28,-08:00,2025-01-17T16:41:28-08:00,0,3
index.html,28,html,fe57daae,calwilee,2025-02-08,03:22:29,-08:00,2025-02-08T03:22:29-08:00,0,23
index.html,29,html,fe57daae,calwilee,2025-02-08,03:22:29,-08:00,2025-02-08T03:22:29-08:00,0,0
index.html,30,html,fe57daae,calwilee,2025-02-08,03:22:29,-08:00,2025-02-08T03:22:29-08:00,0,23
index.html,31,html,fe57daae,calwilee,2025-02-08,03:22:29,-08:00,2025-02-08T03:22:29-08:00,0,0
index.html,32,html,fe57daae,calwilee,2025-02-08,03:22:29,-08:00,2025-02-08T03:22:29-08:00,0,5
index.html,33,html,fe57daae,calwilee,2025-02-08,03:22:29,-08:00,2025-02-08T03:22:29-08:00,0,0
index.html,34,html,fe57daae,calwilee,2025-02-08,03:22:29,-08:00,2025-02-08T03:22:29-08:00,0,23
index.html,35,html,fe57daae,calwilee,2025-02-08,03:22:29,-08:00,2025-02-08T03:22:29-08:00,0,0
index.html,36,html,fe57daae,calwilee,2025-02-08,03:22:29,-08:00,2025-02-08T03:22:29-08:00,0,27
index.html,37,html,fe57daae,calwilee,2025-02-08,03:22:29,-08:00,2025-02-08T03:22:29-08:00,0,0
index.html,38,html,245ad1c9,calwilee,2025-01-17,16:41:28,-08:00,2025-01-17T16:41:28-08:00,0,0
index.html,39,html,cdaa98ce,calwilee,2025-01-08,19:43:58,-08:00,2025-01-08T19:43:58-08:00,0,6
index.html,40,html,cdaa98ce,calwilee,2025-01-08,19:43:58,-08:00,2025-01-08T19:43:58-08:00,0,6
global.js,1,js,1199f78b,calwilee,2025-01-24,23:27:44,-08:00,2025-01-24T23:27:44-08:00,0,29
global.js,2,js,1199f78b,calwilee,2025-01-24,23:27:44,-08:00,2025-01-24T23:27:44-08:00,0,0
global.js,3,js,1199f78b,calwilee,2025-01-24,23:27:44,-08:00,2025-01-24T23:27:44-08:00,0,28
global.js,4,js,1199f78b,calwilee,2025-01-24,23:27:44,-08:00,2025-01-24T23:27:44-08:00,0,45
global.js,5,js,1199f78b,calwilee,2025-01-24,23:27:44,-08:00,2025-01-24T23:27:44-08:00,0,58
global.js,6,js,1199f78b,calwilee,2025-01-24,23:27:44,-08:00,2025-01-24T23:27:44-08:00,0,3
global.js,7,js,1199f78b,calwilee,2025-01-24,23:27:44,-08:00,2025-01-24T23:27:44-08:00,0,34
global.js,8,js,1199f78b,calwilee,2025-01-24,23:27:44,-08:00,2025-01-24T23:27:44-08:00,0,73
global.js,9,js,1199f78b,calwilee,2025-01-24,23:27:44,-08:00,2025-01-24T23:27:44-08:00,0,6
global.js,10,js,1199f78b,calwilee,2025-01-24,23:27:44,-08:00,2025-01-24T23:27:44-08:00,0,39
global.js,11,js,1199f78b,calwilee,2025-01-24,23:27:44,-08:00,2025-01-24T23:27:44-08:00,0,40
global.js,12,js,1199f78b,calwilee,2025-01-24,23:27:44,-08:00,2025-01-24T23:27:44-08:00,0,0
global.js,13,js,1199f78b,calwilee,2025-01-24,23:27:44,-08:00,2025-01-24T23:27:44-08:00,0,0
global.js,14,js,1199f78b,calwilee,2025-01-24,23:27:44,-08:00,2025-01-24T23:27:44-08:00,0,12
global.js,15,js,e1212f7f,calwilee,2025-01-25,00:02:15,-08:00,2025-01-25T00:02:15-08:00,0,38
global.js,16,js,e1212f7f,calwilee,2025-01-25,00:02:15,-08:00,2025-01-25T00:02:15-08:00,0,51
global.js,17,js,e1212f7f,calwilee,2025-01-25,00:02:15,-08:00,2025-01-25T00:02:15-08:00,0,49
global.js,18,js,00000000,Not Committed Yet,2025-02-13,03:35:13,-08:00,2025-02-13T03:35:13-08:00,0,43
global.js,19,js,e1212f7f,calwilee,2025-01-25,00:02:15,-08:00,2025-01-25T00:02:15-08:00,0,47
global.js,20,js,1199f78b,calwilee,2025-01-24,23:27:44,-08:00,2025-01-24T23:27:44-08:00,0,74
global.js,21,js,1199f78b,calwilee,2025-01-24,23:27:44,-08:00,2025-01-24T23:27:44-08:00,0,33
global.js,22,js,1199f78b,calwilee,2025-01-24,23:27:44,-08:00,2025-01-24T23:27:44-08:00,0,1
global.js,23,js,1199f78b,calwilee,2025-01-24,23:27:44,-08:00,2025-01-24T23:27:44-08:00,0,39
global.js,24,js,1199f78b,calwilee,2025-01-24,23:27:44,-08:00,2025-01-24T23:27:44-08:00,0,0
global.js,25,js,1199f78b,calwilee,2025-01-24,23:27:44,-08:00,2025-01-24T23:27:44-08:00,0,26
global.js,26,js,1199f78b,calwilee,2025-01-24,23:27:44,-08:00,2025-01-24T23:27:44-08:00,0,0
global.js,27,js,1199f78b,calwilee,2025-01-24,23:27:44,-08:00,2025-01-24T23:27:44-08:00,0,21
global.js,28,js,1199f78b,calwilee,2025-01-24,23:27:44,-08:00,2025-01-24T23:27:44-08:00,0,15
global.js,29,js,1199f78b,calwilee,2025-01-24,23:27:44,-08:00,2025-01-24T23:27:44-08:00,0,19
global.js,30,js,1199f78b,calwilee,2025-01-24,23:27:44,-08:00,2025-01-24T23:27:44-08:00,0,0
global.js,31,js,1199f78b,calwilee,2025-01-24,23:27:44,-08:00,2025-01-24T23:27:44-08:00,0,0
global.js,32,js,1199f78b,calwilee,2025-01-24,23:27:44,-08:00,2025-01-24T23:27:44-08:00,0,0
global.js,33,js,1199f78b,calwilee,2025-01-24,23:27:44,-08:00,2025-01-24T23:27:44-08:00,0,71
global.js,34,js,1199f78b,calwilee,2025-01-24,23:27:44,-08:00,2025-01-24T23:27:44-08:00,0,65
global.js,35,js,1199f78b,calwilee,2025-01-24,23:27:44,-08:00,2025-01-24T23:27:44-08:00,0,0
global.js,36,js,1199f78b,calwilee,2025-01-24,23:27:44,-08:00,2025-01-24T23:27:44-08:00,0,35
global.js,37,js,1199f78b,calwilee,2025-01-24,23:27:44,-08:00,2025-01-24T23:27:44-08:00,0,0
global.js,38,js,1199f78b,calwilee,2025-01-24,23:27:44,-08:00,2025-01-24T23:27:44-08:00,0,0
global.js,39,js,1199f78b,calwilee,2025-01-24,23:27:44,-08:00,2025-01-24T23:27:44-08:00,0,12
global.js,40,js,1199f78b,calwilee,2025-01-24,23:27:44,-08:00,2025-01-24T23:27:44-08:00,0,21
global.js,41,js,1199f78b,calwilee,2025-01-24,23:27:44,-08:00,2025-01-24T23:27:44-08:00,0,66
global.js,42,js,1199f78b,calwilee,2025-01-24,23:27:44,-08:00,2025-01-24T23:27:44-08:00,0,26
global.js,43,js,1199f78b,calwilee,2025-01-24,23:27:44,-08:00,2025-01-24T23:27:44-08:00,0,1
global.js,44,js,1199f78b,calwilee,2025-01-24,23:27:44,-08:00,2025-01-24T23:27:44-08:00,0,29
global.js,45,js,1199f78b,calwilee,2025-01-24,23:27:44,-08:00,2025-01-24T23:27:44-08:00,0,18
global.js,46,js,1199f78b,calwilee,2025-01-24,23:27:44,-08:00,2025-01-24T23:27:44-08:00,0,1
global.js,47,js,1199f78b,calwilee,2025-01-24,23:27:44,-08:00,2025-01-24T23:27:44-08:00,0,13
global.js,48,js,1199f78b,calwilee,2025-01-24,23:27:44,-08:00,2025-01-24T23:27:44-08:00,0,0
global.js,49,js,1199f78b,calwilee,2025-01-24,23:27:44,-08:00,2025-01-24T23:27:44-08:00,0,0
global.js,50,js,4f2bde1b,calwilee,2025-01-24,23:59:33,-08:00,2025-01-24T23:59:33-08:00,0,0
global.js,51,js,4f2bde1b,calwilee,2025-01-24,23:59:33,-08:00,2025-01-24T23:59:33-08:00,0,0
global.js,52,js,4f2bde1b,calwilee,2025-01-24,23:59:33,-08:00,2025-01-24T23:59:33-08:00,0,32
global.js,53,js,4f2bde1b,calwilee,2025-01-24,23:59:33,-08:00,2025-01-24T23:59:33-08:00,0,12
global.js,54,js,4f2bde1b,calwilee,2025-01-24,23:59:33,-08:00,2025-01-24T23:59:33-08:00,0,0
global.js,55,js,4f2bde1b,calwilee,2025-01-24,23:59:33,-08:00,2025-01-24T23:59:33-08:00,0,27
global.js,56,js,4f2bde1b,calwilee,2025-01-24,23:59:33,-08:00,2025-01-24T23:59:33-08:00,0,5
global.js,57,js,4f2bde1b,calwilee,2025-01-24,23:59:33,-08:00,2025-01-24T23:59:33-08:00,0,7
global.js,58,js,4f2bde1b,calwilee,2025-01-24,23:59:33,-08:00,2025-01-24T23:59:33-08:00,0,44
global.js,59,js,4f2bde1b,calwilee,2025-01-24,23:59:33,-08:00,2025-01-24T23:59:33-08:00,0,35
global.js,60,js,4f2bde1b,calwilee,2025-01-24,23:59:33,-08:00,2025-01-24T23:59:33-08:00,0,33
global.js,61,js,4f2bde1b,calwilee,2025-01-24,23:59:33,-08:00,2025-01-24T23:59:33-08:00,0,8
global.js,62,js,4f2bde1b,calwilee,2025-01-24,23:59:33,-08:00,2025-01-24T23:59:33-08:00,0,8
global.js,63,js,4f2bde1b,calwilee,2025-01-24,23:59:33,-08:00,2025-01-24T23:59:33-08:00,0,1
global.js,64,js,4f2bde1b,calwilee,2025-01-24,23:59:33,-08:00,2025-01-24T23:59:33-08:00,0,0
global.js,65,js,4f2bde1b,calwilee,2025-01-24,23:59:33,-08:00,2025-01-24T23:59:33-08:00,0,46
global.js,66,js,4f2bde1b,calwilee,2025-01-24,23:59:33,-08:00,2025-01-24T23:59:33-08:00,0,34
global.js,67,js,4f2bde1b,calwilee,2025-01-24,23:59:33,-08:00,2025-01-24T23:59:33-08:00,0,84
global.js,68,js,4f2bde1b,calwilee,2025-01-24,23:59:33,-08:00,2025-01-24T23:59:33-08:00,0,39
global.js,69,js,4f2bde1b,calwilee,2025-01-24,23:59:33,-08:00,2025-01-24T23:59:33-08:00,0,1
global.js,70,js,4f2bde1b,calwilee,2025-01-24,23:59:33,-08:00,2025-01-24T23:59:33-08:00,0,0
global.js,71,js,4f2bde1b,calwilee,2025-01-24,23:59:33,-08:00,2025-01-24T23:59:33-08:00,0,50
global.js,72,js,4f2bde1b,calwilee,2025-01-24,23:59:33,-08:00,2025-01-24T23:59:33-08:00,0,58
global.js,73,js,4f2bde1b,calwilee,2025-01-24,23:59:33,-08:00,2025-01-24T23:59:33-08:00,0,45
global.js,74,js,4f2bde1b,calwilee,2025-01-24,23:59:33,-08:00,2025-01-24T23:59:33-08:00,0,78
global.js,75,js,4f2bde1b,calwilee,2025-01-24,23:59:33,-08:00,2025-01-24T23:59:33-08:00,0,0
global.js,76,js,4f2bde1b,calwilee,2025-01-24,23:59:33,-08:00,2025-01-24T23:59:33-08:00,0,0
global.js,77,js,fe57daae,calwilee,2025-02-08,03:22:29,-08:00,2025-02-08T03:22:29-08:00,0,2
global.js,78,js,fe57daae,calwilee,2025-02-08,03:22:29,-08:00,2025-02-08T03:22:29-08:00,0,0
global.js,79,js,fe57daae,calwilee,2025-02-08,03:22:29,-08:00,2025-02-08T03:22:29-08:00,0,0
global.js,80,js,fe57daae,calwilee,2025-02-08,03:22:29,-08:00,2025-02-08T03:22:29-08:00,0,37
global.js,81,js,fe57daae,calwilee,2025-02-08,03:22:29,-08:00,2025-02-08T03:22:29-08:00,0,4
global.js,82,js,fe57daae,calwilee,2025-02-08,03:22:29,-08:00,2025-02-08T03:22:29-08:00,0,40
global.js,83,js,fe57daae,calwilee,2025-02-08,03:22:29,-08:00,2025-02-08T03:22:29-08:00,0,33
global.js,84,js,fe57daae,calwilee,2025-02-08,03:22:29,-08:00,2025-02-08T03:22:29-08:00,0,20
global.js,85,js,fe57daae,calwilee,2025-02-08,03:22:29,-08:00,2025-02-08T03:22:29-08:00,0,18
global.js,86,js,fe57daae,calwilee,2025-02-08,03:22:29,-08:00,2025-02-08T03:22:29-08:00,0,67
global.js,87,js,fe57daae,calwilee,2025-02-08,03:22:29,-08:00,2025-02-08T03:22:29-08:00,0,0
global.js,88,js,fe57daae,calwilee,2025-02-08,03:22:29,-08:00,2025-02-08T03:22:29-08:00,0,34
global.js,89,js,fe57daae,calwilee,2025-02-08,03:22:29,-08:00,2025-02-08T03:22:29-08:00,0,11
global.js,90,js,fe57daae,calwilee,2025-02-08,03:22:29,-08:00,2025-02-08T03:22:29-08:00,0,0
global.js,91,js,fe57daae,calwilee,2025-02-08,03:22:29,-08:00,2025-02-08T03:22:29-08:00,0,0
global.js,92,js,fe57daae,calwilee,2025-02-08,03:22:29,-08:00,2025-02-08T03:22:29-08:00,0,0
global.js,93,js,fe57daae,calwilee,2025-02-08,03:22:29,-08:00,2025-02-08T03:22:29-08:00,0,16
global.js,94,js,fe57daae,calwilee,2025-02-08,03:22:29,-08:00,2025-02-08T03:22:29-08:00,0,60
global.js,95,js,fe57daae,calwilee,2025-02-08,03:22:29,-08:00,2025-02-08T03:22:29-08:00,0,0
global.js,96,js,fe57daae,calwilee,2025-02-08,03:22:29,-08:00,2025-02-08T03:22:29-08:00,0,0
global.js,97,js,fe57daae,calwilee,2025-02-08,03:22:29,-08:00,2025-02-08T03:22:29-08:00,0,0
global.js,98,js,fe57daae,calwilee,2025-02-08,03:22:29,-08:00,2025-02-08T03:22:29-08:00,0,79
global.js,99,js,fe57daae,calwilee,2025-02-08,03:22:29,-08:00,2025-02-08T03:22:29-08:00,0,31
global.js,100,js,fe57daae,calwilee,2025-02-08,03:22:29,-08:00,2025-02-08T03:22:29-08:00,0,23
global.js,101,js,fe57daae,calwilee,2025-02-08,03:22:29,-08:00,2025-02-08T03:22:29-08:00,0,49
global.js,102,js,fe57daae,calwilee,2025-02-08,03:22:29,-08:00,2025-02-08T03:22:29-08:00,0,20
global.js,103,js,fe57daae,calwilee,2025-02-08,03:22:29,-08:00,2025-02-08T03:22:29-08:00,0,18
global.js,104,js,fe57daae,calwilee,2025-02-08,03:22:29,-08:00,2025-02-08T03:22:29-08:00,0,0
global.js,105,js,fe57daae,calwilee,2025-02-08,03:22:29,-08:00,2025-02-08T03:22:29-08:00,0,44
global.js,106,js,fe57daae,calwilee,2025-02-08,03:22:29,-08:00,2025-02-08T03:22:29-08:00,0,38
global.js,107,js,fe57daae,calwilee,2025-02-08,03:22:29,-08:00,2025-02-08T03:22:29-08:00,0,20
global.js,108,js,fe57daae,calwilee,2025-02-08,03:22:29,-08:00,2025-02-08T03:22:29-08:00,0,19
global.js,109,js,fe57daae,calwilee,2025-02-08,03:22:29,-08:00,2025-02-08T03:22:29-08:00,0,0
global.js,110,js,fe57daae,calwilee,2025-02-08,03:22:29,-08:00,2025-02-08T03:22:29-08:00,0,5
global.js,111,js,fe57daae,calwilee,2025-02-08,03:22:29,-08:00,2025-02-08T03:22:29-08:00,0,1
global.js,112,js,fe57daae,calwilee,2025-02-08,03:22:29,-08:00,2025-02-08T03:22:29-08:00,0,37
global.js,113,js,fe57daae,calwilee,2025-02-08,03:22:29,-08:00,2025-02-08T03:22:29-08:00,0,0
global.js,114,js,fe57daae,calwilee,2025-02-08,03:22:29,-08:00,2025-02-08T03:22:29-08:00,0,0
global.js,115,js,fe57daae,calwilee,2025-02-08,03:22:29,-08:00,2025-02-08T03:22:29-08:00,0,0
global.js,116,js,fe57daae,calwilee,2025-02-08,03:22:29,-08:00,2025-02-08T03:22:29-08:00,0,0
global.js,117,js,fe57daae,calwilee,2025-02-08,03:22:29,-08:00,2025-02-08T03:22:29-08:00,0,0
global.js,118,js,fe57daae,calwilee,2025-02-08,03:22:29,-08:00,2025-02-08T03:22:29-08:00,0,0
global.js,119,js,fe57daae,calwilee,2025-02-08,03:22:29,-08:00,2025-02-08T03:22:29-08:00,0,0
global.js,120,js,fe57daae,calwilee,2025-02-08,03:22:29,-08:00,2025-02-08T03:22:29-08:00,0,0
global.js,121,js,fe57daae,calwilee,2025-02-08,03:22:29,-08:00,2025-02-08T03:22:29-08:00,0,48
global.js,122,js,fe57daae,calwilee,2025-02-08,03:22:29,-08:00,2025-02-08T03:22:29-08:00,0,23
global.js,123,js,fe57daae,calwilee,2025-02-08,03:22:29,-08:00,2025-02-08T03:22:29-08:00,0,60
global.js,124,js,fe57daae,calwilee,2025-02-08,03:22:29,-08:00,2025-02-08T03:22:29-08:00,0,0
global.js,125,js,fe57daae,calwilee,2025-02-08,03:22:29,-08:00,2025-02-08T03:22:29-08:00,0,0
global.js,126,js,fe57daae,calwilee,2025-02-08,03:22:29,-08:00,2025-02-08T03:22:29-08:00,0,0
resume/index.html,1,html,102568c1,calwilee,2025-01-17,22:14:01,-08:00,2025-01-17T22:14:01-08:00,0,14
resume/index.html,2,html,102568c1,calwilee,2025-01-17,22:14:01,-08:00,2025-01-17T22:14:01-08:00,0,15
resume/index.html,3,html,102568c1,calwilee,2025-01-17,22:14:01,-08:00,2025-01-17T22:14:01-08:00,0,5
resume/index.html,4,html,102568c1,calwilee,2025-01-17,22:14:01,-08:00,2025-01-17T22:14:01-08:00,0,21
resume/index.html,5,html,102568c1,calwilee,2025-01-17,22:14:01,-08:00,2025-01-17T22:14:01-08:00,0,69
resume/index.html,6,html,102568c1,calwilee,2025-01-17,22:14:01,-08:00,2025-01-17T22:14:01-08:00,0,66
resume/index.html,7,html,102568c1,calwilee,2025-01-17,22:14:01,-08:00,2025-01-17T22:14:01-08:00,0,35
resume/index.html,8,html,102568c1,calwilee,2025-01-17,22:14:01,-08:00,2025-01-17T22:14:01-08:00,0,42
resume/index.html,9,html,102568c1,calwilee,2025-01-17,22:14:01,-08:00,2025-01-17T22:14:01-08:00,0,60
resume/index.html,10,html,102568c1,calwilee,2025-01-17,22:14:01,-08:00,2025-01-17T22:14:01-08:00,0,6
resume/index.html,11,html,1199f78b,calwilee,2025-01-24,23:27:44,-08:00,2025-01-24T23:27:44-08:00,0,9
resume/index.html,12,html,102568c1,calwilee,2025-01-17,22:14:01,-08:00,2025-01-17T22:14:01-08:00,0,31
resume/index.html,13,html,102568c1,calwilee,2025-01-17,22:14:01,-08:00,2025-01-17T22:14:01-08:00,0,42
resume/index.html,14,html,102568c1,calwilee,2025-01-17,22:14:01,-08:00,2025-01-17T22:14:01-08:00,0,44
resume/index.html,15,html,102568c1,calwilee,2025-01-17,22:14:01,-08:00,2025-01-17T22:14:01-08:00,0,65
resume/index.html,16,html,1199f78b,calwilee,2025-01-24,23:27:44,-08:00,2025-01-24T23:27:44-08:00,0,32
resume/index.html,17,html,1199f78b,calwilee,2025-01-24,23:27:44,-08:00,2025-01-24T23:27:44-08:00,0,9
resume/index.html,18,html,102568c1,calwilee,2025-01-17,22:14:01,-08:00,2025-01-17T22:14:01-08:00,0,5
resume/index.html,19,html,1199f78b,calwilee,2025-01-24,23:27:44,-08:00,2025-01-24T23:27:44-08:00,0,49
resume/index.html,20,html,102568c1,calwilee,2025-01-17,22:14:01,-08:00,2025-01-17T22:14:01-08:00,0,0
resume/index.html,21,html,102568c1,calwilee,2025-01-17,22:14:01,-08:00,2025-01-17T22:14:01-08:00,0,7
resume/index.html,22,html,102568c1,calwilee,2025-01-17,22:14:01,-08:00,2025-01-17T22:14:01-08:00,0,14
resume/index.html,23,html,102568c1,calwilee,2025-01-17,22:14:01,-08:00,2025-01-17T22:14:01-08:00,0,61
resume/index.html,24,html,102568c1,calwilee,2025-01-17,22:14:01,-08:00,2025-01-17T22:14:01-08:00,0,8
resume/index.html,25,html,102568c1,calwilee,2025-01-17,22:14:01,-08:00,2025-01-17T22:14:01-08:00,0,0
resume/index.html,26,html,102568c1,calwilee,2025-01-17,22:14:01,-08:00,2025-01-17T22:14:01-08:00,0,26
resume/index.html,27,html,102568c1,calwilee,2025-01-17,22:14:01,-08:00,2025-01-17T22:14:01-08:00,0,27
resume/index.html,28,html,102568c1,calwilee,2025-01-17,22:14:01,-08:00,2025-01-17T22:14:01-08:00,0,3
resume/index.html,29,html,102568c1,calwilee,2025-01-17,22:14:01,-08:00,2025-01-17T22:14:01-08:00,0,92
resume/index.html,30,html,102568c1,calwilee,2025-01-17,22:14:01,-08:00,2025-01-17T22:14:01-08:00,0,44
resume/index.html,31,html,102568c1,calwilee,2025-01-17,22:14:01,-08:00,2025-01-17T22:14:01-08:00,0,49
resume/index.html,32,html,102568c1,calwilee,2025-01-17,22:14:01,-08:00,2025-01-17T22:14:01-08:00,0,113
resume/index.html,33,html,102568c1,calwilee,2025-01-17,22:14:01,-08:00,2025-01-17T22:14:01-08:00,0,114
resume/index.html,34,html,102568c1,calwilee,2025-01-17,22:14:01,-08:00,2025-01-17T22:14:01-08:00,0,0
resume/index.html,35,html,102568c1,calwilee,2025-01-17,22:14:01,-08:00,2025-01-17T22:14:01-08:00,0,4
resume/index.html,36,html,102568c1,calwilee,2025-01-17,22:14:01,-08:00,2025-01-17T22:14:01-08:00,0,9
resume/index.html,37,html,102568c1,calwilee,2025-01-17,22:14:01,-08:00,2025-01-17T22:14:01-08:00,0,0
resume/index.html,38,html,102568c1,calwilee,2025-01-17,22:14:01,-08:00,2025-01-17T22:14:01-08:00,0,34
resume/index.html,39,html,102568c1,calwilee,2025-01-17,22:14:01,-08:00,2025-01-17T22:14:01-08:00,0,28
resume/index.html,40,html,102568c1,calwilee,2025-01-17,22:14:01,-08:00,2025-01-17T22:14:01-08:00,0,18
resume/index.html,41,html,102568c1,calwilee,2025-01-17,22:14:01,-08:00,2025-01-17T22:14:01-08:00,0,9
resume/index.html,42,html,102568c1,calwilee,2025-01-17,22:14:01,-08:00,2025-01-17T22:14:01-08:00,0,0
resume/index.html,43,html,102568c1,calwilee,2025-01-17,22:14:01,-08:00,2025-01-17T22:14:01-08:00,0,20
resume/index.html,44,html,102568c1,calwilee,2025-01-17,22:14:01,-08:00,2025-01-17T22:14:01-08:00,0,14
resume/index.html,45,html,102568c1,calwilee,2025-01-17,22:14:01,-08:00,2025-01-17T22:14:01-08:00,0,3
resume/index.html,46,html,102568c1,calwilee,2025-01-17,22:14:01,-08:00,2025-01-17T22:14:01-08:00,0,94
resume/index.html,47,html,102568c1,calwilee,2025-01-17,22:14:01,-08:00,2025-01-17T22:14:01-08:00,0,62
resume/index.html,48,html,102568c1,calwilee,2025-01-17,22:14:01,-08:00,2025-01-17T22:14:01-08:00,0,70
resume/index.html,49,html,102568c1,calwilee,2025-01-17,22:14:01,-08:00,2025-01-17T22:14:01-08:00,0,61
resume/index.html,50,html,102568c1,calwilee,2025-01-17,22:14:01,-08:00,2025-01-17T22:14:01-08:00,0,119
resume/index.html,51,html,102568c1,calwilee,2025-01-17,22:14:01,-08:00,2025-01-17T22:14:01-08:00,0,4
resume/index.html,52,html,102568c1,calwilee,2025-01-17,22:14:01,-08:00,2025-01-17T22:14:01-08:00,0,9
resume/index.html,53,html,102568c1,calwilee,2025-01-17,22:14:01,-08:00,2025-01-17T22:14:01-08:00,0,0
resume/index.html,54,html,102568c1,calwilee,2025-01-17,22:14:01,-08:00,2025-01-17T22:14:01-08:00,0,29
resume/index.html,55,html,102568c1,calwilee,2025-01-17,22:14:01,-08:00,2025-01-17T22:14:01-08:00,0,23
resume/index.html,56,html,102568c1,calwilee,2025-01-17,22:14:01,-08:00,2025-01-17T22:14:01-08:00,0,16
resume/index.html,57,html,102568c1,calwilee,2025-01-17,22:14:01,-08:00,2025-01-17T22:14:01-08:00,0,42
resume/index.html,58,html,102568c1,calwilee,2025-01-17,22:14:01,-08:00,2025-01-17T22:14:01-08:00,0,97
resume/index.html,59,html,102568c1,calwilee,2025-01-17,22:14:01,-08:00,2025-01-17T22:14:01-08:00,0,3
resume/index.html,60,html,102568c1,calwilee,2025-01-17,22:14:01,-08:00,2025-01-17T22:14:01-08:00,0,87
resume/index.html,61,html,102568c1,calwilee,2025-01-17,22:14:01,-08:00,2025-01-17T22:14:01-08:00,0,89
resume/index.html,62,html,102568c1,calwilee,2025-01-17,22:14:01,-08:00,2025-01-17T22:14:01-08:00,0,62
resume/index.html,63,html,102568c1,calwilee,2025-01-17,22:14:01,-08:00,2025-01-17T22:14:01-08:00,0,4
resume/index.html,64,html,102568c1,calwilee,2025-01-17,22:14:01,-08:00,2025-01-17T22:14:01-08:00,0,5
resume/index.html,65,html,102568c1,calwilee,2025-01-17,22:14:01,-08:00,2025-01-17T22:14:01-08:00,0,0
resume/index.html,66,html,102568c1,calwilee,2025-01-17,22:14:01,-08:00,2025-01-17T22:14:01-08:00,0,16
resume/index.html,67,html,102568c1,calwilee,2025-01-17,22:14:01,-08:00,2025-01-17T22:14:01-08:00,0,28
resume/index.html,68,html,102568c1,calwilee,2025-01-17,22:14:01,-08:00,2025-01-17T22:14:01-08:00,0,86
resume/index.html,69,html,102568c1,calwilee,2025-01-17,22:14:01,-08:00,2025-01-17T22:14:01-08:00,0,3
resume/index.html,70,html,102568c1,calwilee,2025-01-17,22:14:01,-08:00,2025-01-17T22:14:01-08:00,0,74
resume/index.html,71,html,102568c1,calwilee,2025-01-17,22:14:01,-08:00,2025-01-17T22:14:01-08:00,0,63
resume/index.html,72,html,102568c1,calwilee,2025-01-17,22:14:01,-08:00,2025-01-17T22:14:01-08:00,0,4
resume/index.html,73,html,102568c1,calwilee,2025-01-17,22:14:01,-08:00,2025-01-17T22:14:01-08:00,0,5
resume/index.html,74,html,102568c1,calwilee,2025-01-17,22:14:01,-08:00,2025-01-17T22:14:01-08:00,0,34
resume/index.html,75,html,102568c1,calwilee,2025-01-17,22:14:01,-08:00,2025-01-17T22:14:01-08:00,0,9
resume/index.html,76,html,102568c1,calwilee,2025-01-17,22:14:01,-08:00,2025-01-17T22:14:01-08:00,0,0
resume/index.html,77,html,102568c1,calwilee,2025-01-17,22:14:01,-08:00,2025-01-17T22:14:01-08:00,0,23
resume/index.html,78,html,102568c1,calwilee,2025-01-17,22:14:01,-08:00,2025-01-17T22:14:01-08:00,0,17
resume/index.html,79,html,102568c1,calwilee,2025-01-17,22:14:01,-08:00,2025-01-17T22:14:01-08:00,0,22
resume/index.html,80,html,102568c1,calwilee,2025-01-17,22:14:01,-08:00,2025-01-17T22:14:01-08:00,0,22
resume/index.html,81,html,102568c1,calwilee,2025-01-17,22:14:01,-08:00,2025-01-17T22:14:01-08:00,0,93
resume/index.html,82,html,102568c1,calwilee,2025-01-17,22:14:01,-08:00,2025-01-17T22:14:01-08:00,0,3
resume/index.html,83,html,102568c1,calwilee,2025-01-17,22:14:01,-08:00,2025-01-17T22:14:01-08:00,0,86
resume/index.html,84,html,102568c1,calwilee,2025-01-17,22:14:01,-08:00,2025-01-17T22:14:01-08:00,0,67
resume/index.html,85,html,102568c1,calwilee,2025-01-17,22:14:01,-08:00,2025-01-17T22:14:01-08:00,0,4
resume/index.html,86,html,102568c1,calwilee,2025-01-17,22:14:01,-08:00,2025-01-17T22:14:01-08:00,0,5
resume/index.html,87,html,102568c1,calwilee,2025-01-17,22:14:01,-08:00,2025-01-17T22:14:01-08:00,0,9
resume/index.html,88,html,102568c1,calwilee,2025-01-17,22:14:01,-08:00,2025-01-17T22:14:01-08:00,0,0
resume/index.html,89,html,102568c1,calwilee,2025-01-17,22:14:01,-08:00,2025-01-17T22:14:01-08:00,0,28
resume/index.html,90,html,102568c1,calwilee,2025-01-17,22:14:01,-08:00,2025-01-17T22:14:01-08:00,0,22
resume/index.html,91,html,102568c1,calwilee,2025-01-17,22:14:01,-08:00,2025-01-17T22:14:01-08:00,0,3
resume/index.html,92,html,102568c1,calwilee,2025-01-17,22:14:01,-08:00,2025-01-17T22:14:01-08:00,0,89
resume/index.html,93,html,102568c1,calwilee,2025-01-17,22:14:01,-08:00,2025-01-17T22:14:01-08:00,0,89
resume/index.html,94,html,102568c1,calwilee,2025-01-17,22:14:01,-08:00,2025-01-17T22:14:01-08:00,0,4
resume/index.html,95,html,102568c1,calwilee,2025-01-17,22:14:01,-08:00,2025-01-17T22:14:01-08:00,0,9
resume/index.html,96,html,102568c1,calwilee,2025-01-17,22:14:01,-08:00,2025-01-17T22:14:01-08:00,0,0
resume/index.html,97,html,102568c1,calwilee,2025-01-17,22:14:01,-08:00,2025-01-17T22:14:01-08:00,0,22
resume/index.html,98,html,102568c1,calwilee,2025-01-17,22:14:01,-08:00,2025-01-17T22:14:01-08:00,0,16
resume/index.html,99,html,102568c1,calwilee,2025-01-17,22:14:01,-08:00,2025-01-17T22:14:01-08:00,0,20
resume/index.html,100,html,102568c1,calwilee,2025-01-17,22:14:01,-08:00,2025-01-17T22:14:01-08:00,0,23
resume/index.html,101,html,102568c1,calwilee,2025-01-17,22:14:01,-08:00,2025-01-17T22:14:01-08:00,0,60
resume/index.html,102,html,102568c1,calwilee,2025-01-17,22:14:01,-08:00,2025-01-17T22:14:01-08:00,0,84
resume/index.html,103,html,102568c1,calwilee,2025-01-17,22:14:01,-08:00,2025-01-17T22:14:01-08:00,0,69
resume/index.html,104,html,102568c1,calwilee,2025-01-17,22:14:01,-08:00,2025-01-17T22:14:01-08:00,0,5
resume/index.html,105,html,102568c1,calwilee,2025-01-17,22:14:01,-08:00,2025-01-17T22:14:01-08:00,0,0
resume/index.html,106,html,102568c1,calwilee,2025-01-17,22:14:01,-08:00,2025-01-17T22:14:01-08:00,0,20
resume/index.html,107,html,102568c1,calwilee,2025-01-17,22:14:01,-08:00,2025-01-17T22:14:01-08:00,0,23
resume/index.html,108,html,102568c1,calwilee,2025-01-17,22:14:01,-08:00,2025-01-17T22:14:01-08:00,0,60
resume/index.html,109,html,102568c1,calwilee,2025-01-17,22:14:01,-08:00,2025-01-17T22:14:01-08:00,0,85
resume/index.html,110,html,102568c1,calwilee,2025-01-17,22:14:01,-08:00,2025-01-17T22:14:01-08:00,0,69
resume/index.html,111,html,102568c1,calwilee,2025-01-17,22:14:01,-08:00,2025-01-17T22:14:01-08:00,0,5
resume/index.html,112,html,102568c1,calwilee,2025-01-17,22:14:01,-08:00,2025-01-17T22:14:01-08:00,0,38
resume/index.html,113,html,102568c1,calwilee,2025-01-17,22:14:01,-08:00,2025-01-17T22:14:01-08:00,0,9
resume/index.html,114,html,102568c1,calwilee,2025-01-17,22:14:01,-08:00,2025-01-17T22:14:01-08:00,0,0
resume/index.html,115,html,102568c1,calwilee,2025-01-17,22:14:01,-08:00,2025-01-17T22:14:01-08:00,0,0
resume/index.html,116,html,102568c1,calwilee,2025-01-17,22:14:01,-08:00,2025-01-17T22:14:01-08:00,0,0
resume/index.html,117,html,102568c1,calwilee,2025-01-17,22:14:01,-08:00,2025-01-17T22:14:01-08:00,0,6
resume/index.html,118,html,102568c1,calwilee,2025-01-17,22:14:01,-08:00,2025-01-17T22:14:01-08:00,0,6
projects/projects.js,1,js,fe57daae,calwilee,2025-02-08,03:22:29,-08:00,2025-02-08T03:22:29-08:00,0,56
projects/projects.js,2,js,fe57daae,calwilee,2025-02-08,03:22:29,-08:00,2025-02-08T03:22:29-08:00,0,64
projects/projects.js,3,js,fe57daae,calwilee,2025-02-08,03:22:29,-08:00,2025-02-08T03:22:29-08:00,0,0
projects/projects.js,4,js,fe57daae,calwilee,2025-02-08,03:22:29,-08:00,2025-02-08T03:22:29-08:00,0,56
projects/projects.js,5,js,fe57daae,calwilee,2025-02-08,03:22:29,-08:00,2025-02-08T03:22:29-08:00,0,61
projects/projects.js,6,js,fe57daae,calwilee,2025-02-08,03:22:29,-08:00,2025-02-08T03:22:29-08:00,0,49
projects/projects.js,7,js,fe57daae,calwilee,2025-02-08,03:22:29,-08:00,2025-02-08T03:22:29-08:00,0,46
projects/projects.js,8,js,fe57daae,calwilee,2025-02-08,03:22:29,-08:00,2025-02-08T03:22:29-08:00,0,46
projects/projects.js,9,js,fe57daae,calwilee,2025-02-08,03:22:29,-08:00,2025-02-08T03:22:29-08:00,0,40
projects/projects.js,10,js,fe57daae,calwilee,2025-02-08,03:22:29,-08:00,2025-02-08T03:22:29-08:00,0,58
projects/projects.js,11,js,fe57daae,calwilee,2025-02-08,03:22:29,-08:00,2025-02-08T03:22:29-08:00,0,0
projects/projects.js,12,js,fe57daae,calwilee,2025-02-08,03:22:29,-08:00,2025-02-08T03:22:29-08:00,0,0
projects/projects.js,13,js,fe57daae,calwilee,2025-02-08,03:22:29,-08:00,2025-02-08T03:22:29-08:00,0,0
projects/projects.js,14,js,fe57daae,calwilee,2025-02-08,03:22:29,-08:00,2025-02-08T03:22:29-08:00,0,0
projects/projects.js,15,js,fe57daae,calwilee,2025-02-08,03:22:29,-08:00,2025-02-08T03:22:29-08:00,0,22
projects/projects.js,16,js,fe57daae,calwilee,2025-02-08,03:22:29,-08:00,2025-02-08T03:22:29-08:00,0,0
projects/projects.js,17,js,fe57daae,calwilee,2025-02-08,03:22:29,-08:00,2025-02-08T03:22:29-08:00,0,14
projects/projects.js,18,js,fe57daae,calwilee,2025-02-08,03:22:29,-08:00,2025-02-08T03:22:29-08:00,0,54
projects/projects.js,19,js,fe57daae,calwilee,2025-02-08,03:22:29,-08:00,2025-02-08T03:22:29-08:00,0,50
projects/projects.js,20,js,fe57daae,calwilee,2025-02-08,03:22:29,-08:00,2025-02-08T03:22:29-08:00,0,20
projects/projects.js,21,js,fe57daae,calwilee,2025-02-08,03:22:29,-08:00,2025-02-08T03:22:29-08:00,0,26
projects/projects.js,22,js,fe57daae,calwilee,2025-02-08,03:22:29,-08:00,2025-02-08T03:22:29-08:00,0,17
projects/projects.js,23,js,fe57daae,calwilee,2025-02-08,03:22:29,-08:00,2025-02-08T03:22:29-08:00,0,52
projects/projects.js,24,js,fe57daae,calwilee,2025-02-08,03:22:29,-08:00,2025-02-08T03:22:29-08:00,0,60
projects/projects.js,25,js,fe57daae,calwilee,2025-02-08,03:22:29,-08:00,2025-02-08T03:22:29-08:00,0,43
projects/projects.js,26,js,fe57daae,calwilee,2025-02-08,03:22:29,-08:00,2025-02-08T03:22:29-08:00,0,2
projects/projects.js,27,js,fe57daae,calwilee,2025-02-08,03:22:29,-08:00,2025-02-08T03:22:29-08:00,0,26
projects/projects.js,28,js,fe57daae,calwilee,2025-02-08,03:22:29,-08:00,2025-02-08T03:22:29-08:00,0,57
projects/projects.js,29,js,fe57daae,calwilee,2025-02-08,03:22:29,-08:00,2025-02-08T03:22:29-08:00,0,32
projects/projects.js,30,js,fe57daae,calwilee,2025-02-08,03:22:29,-08:00,2025-02-08T03:22:29-08:00,0,2
projects/projects.js,31,js,fe57daae,calwilee,2025-02-08,03:22:29,-08:00,2025-02-08T03:22:29-08:00,0,0
projects/projects.js,32,js,fe57daae,calwilee,2025-02-08,03:22:29,-08:00,2025-02-08T03:22:29-08:00,0,39
projects/projects.js,33,js,fe57daae,calwilee,2025-02-08,03:22:29,-08:00,2025-02-08T03:22:29-08:00,0,26
projects/projects.js,34,js,fe57daae,calwilee,2025-02-08,03:22:29,-08:00,2025-02-08T03:22:29-08:00,0,30
projects/projects.js,35,js,fe57daae,calwilee,2025-02-08,03:22:29,-08:00,2025-02-08T03:22:29-08:00,0,13
projects/projects.js,36,js,fe57daae,calwilee,2025-02-08,03:22:29,-08:00,2025-02-08T03:22:29-08:00,0,15
projects/projects.js,37,js,fe57daae,calwilee,2025-02-08,03:22:29,-08:00,2025-02-08T03:22:29-08:00,0,13
projects/projects.js,38,js,fe57daae,calwilee,2025-02-08,03:22:29,-08:00,2025-02-08T03:22:29-08:00,0,1
projects/projects.js,39,js,fe57daae,calwilee,2025-02-08,03:22:29,-08:00,2025-02-08T03:22:29-08:00,0,19
projects/projects.js,40,js,fe57daae,calwilee,2025-02-08,03:22:29,-08:00,2025-02-08T03:22:29-08:00,0,51
projects/projects.js,41,js,fe57daae,calwilee,2025-02-08,03:22:29,-08:00,2025-02-08T03:22:29-08:00,0,36
projects/projects.js,42,js,fe57daae,calwilee,2025-02-08,03:22:29,-08:00,2025-02-08T03:22:29-08:00,0,2
projects/projects.js,43,js,fe57daae,calwilee,2025-02-08,03:22:29,-08:00,2025-02-08T03:22:29-08:00,0,51
projects/projects.js,44,js,fe57daae,calwilee,2025-02-08,03:22:29,-08:00,2025-02-08T03:22:29-08:00,0,55
projects/projects.js,45,js,fe57daae,calwilee,2025-02-08,03:22:29,-08:00,2025-02-08T03:22:29-08:00,0,43
projects/projects.js,46,js,fe57daae,calwilee,2025-02-08,03:22:29,-08:00,2025-02-08T03:22:29-08:00,0,52
projects/projects.js,47,js,fe57daae,calwilee,2025-02-08,03:22:29,-08:00,2025-02-08T03:22:29-08:00,0,46
projects/projects.js,48,js,fe57daae,calwilee,2025-02-08,03:22:29,-08:00,2025-02-08T03:22:29-08:00,0,0
projects/projects.js,49,js,fe57daae,calwilee,2025-02-08,03:22:29,-08:00,2025-02-08T03:22:29-08:00,0,34
projects/projects.js,50,js,fe57daae,calwilee,2025-02-08,03:22:29,-08:00,2025-02-08T03:22:29-08:00,0,26
projects/projects.js,51,js,fe57daae,calwilee,2025-02-08,03:22:29,-08:00,2025-02-08T03:22:29-08:00,0,27
projects/projects.js,52,js,fe57daae,calwilee,2025-02-08,03:22:29,-08:00,2025-02-08T03:22:29-08:00,0,33
projects/projects.js,53,js,fe57daae,calwilee,2025-02-08,03:22:29,-08:00,2025-02-08T03:22:29-08:00,0,15
projects/projects.js,54,js,fe57daae,calwilee,2025-02-08,03:22:29,-08:00,2025-02-08T03:22:29-08:00,0,0
projects/projects.js,55,js,fe57daae,calwilee,2025-02-08,03:22:29,-08:00,2025-02-08T03:22:29-08:00,0,54
projects/projects.js,56,js,fe57daae,calwilee,2025-02-08,03:22:29,-08:00,2025-02-08T03:22:29-08:00,0,29
projects/projects.js,57,js,fe57daae,calwilee,2025-02-08,03:22:29,-08:00,2025-02-08T03:22:29-08:00,0,17
projects/projects.js,58,js,fe57daae,calwilee,2025-02-08,03:22:29,-08:00,2025-02-08T03:22:29-08:00,0,14
projects/projects.js,59,js,fe57daae,calwilee,2025-02-08,03:22:29,-08:00,2025-02-08T03:22:29-08:00,0,25
projects/projects.js,60,js,fe57daae,calwilee,2025-02-08,03:22:29,-08:00,2025-02-08T03:22:29-08:00,0,19
projects/projects.js,61,js,fe57daae,calwilee,2025-02-08,03:22:29,-08:00,2025-02-08T03:22:29-08:00,0,48
projects/projects.js,62,js,fe57daae,calwilee,2025-02-08,03:22:29,-08:00,2025-02-08T03:22:29-08:00,0,0
projects/projects.js,63,js,fe57daae,calwilee,2025-02-08,03:22:29,-08:00,2025-02-08T03:22:29-08:00,0,2
projects/projects.js,64,js,fe57daae,calwilee,2025-02-08,03:22:29,-08:00,2025-02-08T03:22:29-08:00,0,17
projects/projects.js,65,js,fe57daae,calwilee,2025-02-08,03:22:29,-08:00,2025-02-08T03:22:29-08:00,0,27
projects/projects.js,66,js,fe57daae,calwilee,2025-02-08,03:22:29,-08:00,2025-02-08T03:22:29-08:00,0,38
projects/projects.js,67,js,fe57daae,calwilee,2025-02-08,03:22:29,-08:00,2025-02-08T03:22:29-08:00,0,2
projects/projects.js,68,js,fe57daae,calwilee,2025-02-08,03:22:29,-08:00,2025-02-08T03:22:29-08:00,0,5
projects/projects.js,69,js,fe57daae,calwilee,2025-02-08,03:22:29,-08:00,2025-02-08T03:22:29-08:00,0,15
projects/projects.js,70,js,fe57daae,calwilee,2025-02-08,03:22:29,-08:00,2025-02-08T03:22:29-08:00,0,27
projects/projects.js,71,js,fe57daae,calwilee,2025-02-08,03:22:29,-08:00,2025-02-08T03:22:29-08:00,0,38
projects/projects.js,72,js,fe57daae,calwilee,2025-02-08,03:22:29,-08:00,2025-02-08T03:22:29-08:00,0,2
projects/projects.js,73,js,fe57daae,calwilee,2025-02-08,03:22:29,-08:00,2025-02-08T03:22:29-08:00,0,0
projects/projects.js,74,js,fe57daae,calwilee,2025-02-08,03:22:29,-08:00,2025-02-08T03:22:29-08:00,0,26
projects/projects.js,75,js,fe57daae,calwilee,2025-02-08,03:22:29,-08:00,2025-02-08T03:22:29-08:00,0,49
projects/projects.js,76,js,fe57daae,calwilee,2025-02-08,03:22:29,-08:00,2025-02-08T03:22:29-08:00,0,7
projects/projects.js,77,js,fe57daae,calwilee,2025-02-08,03:22:29,-08:00,2025-02-08T03:22:29-08:00,0,41
projects/projects.js,78,js,fe57daae,calwilee,2025-02-08,03:22:29,-08:00,2025-02-08T03:22:29-08:00,0,74
projects/projects.js,79,js,fe57daae,calwilee,2025-02-08,03:22:29,-08:00,2025-02-08T03:22:29-08:00,0,57
projects/projects.js,80,js,fe57daae,calwilee,2025-02-08,03:22:29,-08:00,2025-02-08T03:22:29-08:00,0,0
projects/projects.js,81,js,fe57daae,calwilee,2025-02-08,03:22:29,-08:00,2025-02-08T03:22:29-08:00,0,3
projects/projects.js,82,js,fe57daae,calwilee,2025-02-08,03:22:29,-08:00,2025-02-08T03:22:29-08:00,0,0
projects/projects.js,83,js,fe57daae,calwilee,2025-02-08,03:22:29,-08:00,2025-02-08T03:22:29-08:00,0,1
projects/projects.js,84,js,fe57daae,calwilee,2025-02-08,03:22:29,-08:00,2025-02-08T03:22:29-08:00,0,28
projects/projects.js,85,js,fe57daae,calwilee,2025-02-08,03:22:29,-08:00,2025-02-08T03:22:29-08:00,0,18
projects/projects.js,86,js,fe57daae,calwilee,2025-02-08,03:22:29,-08:00,2025-02-08T03:22:29-08:00,0,39
projects/projects.js,87,js,fe57daae,calwilee,2025-02-08,03:22:29,-08:00,2025-02-08T03:22:29-08:00,0,140
projects/projects.js,88,js,fe57daae,calwilee,2025-02-08,03:22:29,-08:00,2025-02-08T03:22:29-08:00,0,1
projects/projects.js,89,js,fe57daae,calwilee,2025-02-08,03:22:29,-08:00,2025-02-08T03:22:29-08:00,0,0
projects/projects.js,90,js,fe57daae,calwilee,2025-02-08,03:22:29,-08:00,2025-02-08T03:22:29-08:00,0,0
projects/projects.js,91,js,fe57daae,calwilee,2025-02-08,03:22:29,-08:00,2025-02-08T03:22:29-08:00,0,33
projects/projects.js,92,js,fe57daae,calwilee,2025-02-08,03:22:29,-08:00,2025-02-08T03:22:29-08:00,0,24
projects/projects.js,93,js,fe57daae,calwilee,2025-02-08,03:22:29,-08:00,2025-02-08T03:22:29-08:00,0,31
projects/projects.js,94,js,fe57daae,calwilee,2025-02-08,03:22:29,-08:00,2025-02-08T03:22:29-08:00,0,34
projects/projects.js,95,js,fe57daae,calwilee,2025-02-08,03:22:29,-08:00,2025-02-08T03:22:29-08:00,0,60
projects/projects.js,96,js,fe57daae,calwilee,2025-02-08,03:22:29,-08:00,2025-02-08T03:22:29-08:00,0,49
projects/projects.js,97,js,fe57daae,calwilee,2025-02-08,03:22:29,-08:00,2025-02-08T03:22:29-08:00,0,2
projects/projects.js,98,js,fe57daae,calwilee,2025-02-08,03:22:29,-08:00,2025-02-08T03:22:29-08:00,0,0
projects/projects.js,99,js,fe57daae,calwilee,2025-02-08,03:22:29,-08:00,2025-02-08T03:22:29-08:00,0,49
projects/projects.js,100,js,fe57daae,calwilee,2025-02-08,03:22:29,-08:00,2025-02-08T03:22:29-08:00,0,51
projects/projects.js,101,js,fe57daae,calwilee,2025-02-08,03:22:29,-08:00,2025-02-08T03:22:29-08:00,0,57
projects/projects.js,102,js,fe57daae,calwilee,2025-02-08,03:22:29,-08:00,2025-02-08T03:22:29-08:00,0,32
projects/projects.js,103,js,fe57daae,calwilee,2025-02-08,03:22:29,-08:00,2025-02-08T03:22:29-08:00,0,18
projects/projects.js,104,js,fe57daae,calwilee,2025-02-08,03:22:29,-08:00,2025-02-08T03:22:29-08:00,0,2
projects/index.html,1,html,e4c73750,calwilee,2025-01-09,22:22:58,-08:00,2025-01-09T22:22:58-08:00,0,14
projects/index.html,2,html,e4c73750,calwilee,2025-01-09,22:22:58,-08:00,2025-01-09T22:22:58-08:00,0,15
projects/index.html,3,html,e4c73750,calwilee,2025-01-09,22:22:58,-08:00,2025-01-09T22:22:58-08:00,0,5
projects/index.html,4,html,e4c73750,calwilee,2025-01-09,22:22:58,-08:00,2025-01-09T22:22:58-08:00,0,21
projects/index.html,5,html,e4c73750,calwilee,2025-01-09,22:22:58,-08:00,2025-01-09T22:22:58-08:00,0,69
projects/index.html,6,html,e4c73750,calwilee,2025-01-09,22:22:58,-08:00,2025-01-09T22:22:58-08:00,0,42
projects/index.html,7,html,e4c73750,calwilee,2025-01-09,22:22:58,-08:00,2025-01-09T22:22:58-08:00,0,22
projects/index.html,8,html,e4c73750,calwilee,2025-01-09,22:22:58,-08:00,2025-01-09T22:22:58-08:00,0,6
projects/index.html,9,html,e4c73750,calwilee,2025-01-09,22:22:58,-08:00,2025-01-09T22:22:58-08:00,0,5
projects/index.html,10,html,fe57daae,calwilee,2025-02-08,03:22:29,-08:00,2025-02-08T03:22:29-08:00,0,49
projects/index.html,11,html,fe57daae,calwilee,2025-02-08,03:22:29,-08:00,2025-02-08T03:22:29-08:00,0,48
projects/index.html,12,html,fe57daae,calwilee,2025-02-08,03:22:29,-08:00,2025-02-08T03:22:29-08:00,0,0
projects/index.html,13,html,fe57daae,calwilee,2025-02-08,03:22:29,-08:00,2025-02-08T03:22:29-08:00,0,0
projects/index.html,14,html,1199f78b,calwilee,2025-01-24,23:27:44,-08:00,2025-01-24T23:27:44-08:00,0,9
projects/index.html,15,html,e4c73750,calwilee,2025-01-09,22:22:58,-08:00,2025-01-09T22:22:58-08:00,0,31
projects/index.html,16,html,e4c73750,calwilee,2025-01-09,22:22:58,-08:00,2025-01-09T22:22:58-08:00,0,42
projects/index.html,17,html,1199f78b,calwilee,2025-01-24,23:27:44,-08:00,2025-01-24T23:27:44-08:00,0,32
projects/index.html,18,html,e4c73750,calwilee,2025-01-09,22:22:58,-08:00,2025-01-09T22:22:58-08:00,0,65
projects/index.html,19,html,102568c1,calwilee,2025-01-17,22:14:01,-08:00,2025-01-17T22:14:01-08:00,0,42
projects/index.html,20,html,1199f78b,calwilee,2025-01-24,23:27:44,-08:00,2025-01-24T23:27:44-08:00,0,9
projects/index.html,21,html,fe57daae,calwilee,2025-02-08,03:22:29,-08:00,2025-02-08T03:22:29-08:00,0,64
projects/index.html,22,html,fe57daae,calwilee,2025-02-08,03:22:29,-08:00,2025-02-08T03:22:29-08:00,0,23
projects/index.html,23,html,fe57daae,calwilee,2025-02-08,03:22:29,-08:00,2025-02-08T03:22:29-08:00,0,59
projects/index.html,24,html,fe57daae,calwilee,2025-02-08,03:22:29,-08:00,2025-02-08T03:22:29-08:00,0,23
projects/index.html,25,html,fe57daae,calwilee,2025-02-08,03:22:29,-08:00,2025-02-08T03:22:29-08:00,0,0
projects/index.html,26,html,fe57daae,calwilee,2025-02-08,03:22:29,-08:00,2025-02-08T03:22:29-08:00,0,0
projects/index.html,27,html,245ad1c9,calwilee,2025-01-17,16:41:28,-08:00,2025-01-17T16:41:28-08:00,0,5
projects/index.html,28,html,fe57daae,calwilee,2025-02-08,03:22:29,-08:00,2025-02-08T03:22:29-08:00,0,5
projects/index.html,29,html,fe57daae,calwilee,2025-02-08,03:22:29,-08:00,2025-02-08T03:22:29-08:00,0,16
projects/index.html,30,html,fe57daae,calwilee,2025-02-08,03:22:29,-08:00,2025-02-08T03:22:29-08:00,0,12
projects/index.html,31,html,fe57daae,calwilee,2025-02-08,03:22:29,-08:00,2025-02-08T03:22:29-08:00,0,27
projects/index.html,32,html,fe57daae,calwilee,2025-02-08,03:22:29,-08:00,2025-02-08T03:22:29-08:00,0,32
projects/index.html,33,html,fe57daae,calwilee,2025-02-08,03:22:29,-08:00,2025-02-08T03:22:29-08:00,0,1
projects/index.html,34,html,fe57daae,calwilee,2025-02-08,03:22:29,-08:00,2025-02-08T03:22:29-08:00,0,0
projects/index.html,35,html,fe57daae,calwilee,2025-02-08,03:22:29,-08:00,2025-02-08T03:22:29-08:00,0,28
projects/index.html,36,html,fe57daae,calwilee,2025-02-08,03:22:29,-08:00,2025-02-08T03:22:29-08:00,0,1
projects/index.html,37,html,fe57daae,calwilee,2025-02-08,03:22:29,-08:00,2025-02-08T03:22:29-08:00,0,10
projects/index.html,38,html,fe57daae,calwilee,2025-02-08,03:22:29,-08:00,2025-02-08T03:22:29-08:00,0,0
projects/index.html,39,html,fe57daae,calwilee,2025-02-08,03:22:29,-08:00,2025-02-08T03:22:29-08:00,0,0
projects/index.html,40,html,fe57daae,calwilee,2025-02-08,03:22:29,-08:00,2025-02-08T03:22:29-08:00,0,0
projects/index.html,41,html,245ad1c9,calwilee,2025-01-17,16:41:28,-08:00,2025-01-17T16:41:28-08:00,0,0
projects/index.html,42,html,e4c73750,calwilee,2025-01-09,22:22:58,-08:00,2025-01-09T22:22:58-08:00,0,6
projects/index.html,43,html,e4c73750,calwilee,2025-01-09,22:22:58,-08:00,2025-01-09T22:22:58-08:00,0,6
contact/index.html,1,html,e4c73750,calwilee,2025-01-09,22:22:58,-08:00,2025-01-09T22:22:58-08:00,0,14
contact/index.html,2,html,e4c73750,calwilee,2025-01-09,22:22:58,-08:00,2025-01-09T22:22:58-08:00,0,15
contact/index.html,3,html,e4c73750,calwilee,2025-01-09,22:22:58,-08:00,2025-01-09T22:22:58-08:00,0,5
contact/index.html,4,html,e4c73750,calwilee,2025-01-09,22:22:58,-08:00,2025-01-09T22:22:58-08:00,0,21
contact/index.html,5,html,e4c73750,calwilee,2025-01-09,22:22:58,-08:00,2025-01-09T22:22:58-08:00,0,69
contact/index.html,6,html,e4c73750,calwilee,2025-01-09,22:22:58,-08:00,2025-01-09T22:22:58-08:00,0,42
contact/index.html,7,html,e4c73750,calwilee,2025-01-09,22:22:58,-08:00,2025-01-09T22:22:58-08:00,0,26
contact/index.html,8,html,e4c73750,calwilee,2025-01-09,22:22:58,-08:00,2025-01-09T22:22:58-08:00,0,6
contact/index.html,9,html,e4c73750,calwilee,2025-01-09,22:22:58,-08:00,2025-01-09T22:22:58-08:00,0,5
contact/index.html,10,html,1199f78b,calwilee,2025-01-24,23:27:44,-08:00,2025-01-24T23:27:44-08:00,0,49
contact/index.html,11,html,1199f78b,calwilee,2025-01-24,23:27:44,-08:00,2025-01-24T23:27:44-08:00,0,9
contact/index.html,12,html,e4c73750,calwilee,2025-01-09,22:22:58,-08:00,2025-01-09T22:22:58-08:00,0,31
contact/index.html,13,html,1199f78b,calwilee,2025-01-24,23:27:44,-08:00,2025-01-24T23:27:44-08:00,0,31
contact/index.html,14,html,e4c73750,calwilee,2025-01-09,22:22:58,-08:00,2025-01-09T22:22:58-08:00,0,44
contact/index.html,15,html,e4c73750,calwilee,2025-01-09,22:22:58,-08:00,2025-01-09T22:22:58-08:00,0,65
contact/index.html,16,html,102568c1,calwilee,2025-01-17,22:14:01,-08:00,2025-01-17T22:14:01-08:00,0,42
contact/index.html,17,html,1199f78b,calwilee,2025-01-24,23:27:44,-08:00,2025-01-24T23:27:44-08:00,0,9
contact/index.html,18,html,e4c73750,calwilee,2025-01-09,22:22:58,-08:00,2025-01-09T22:22:58-08:00,0,27
contact/index.html,19,html,e4c73750,calwilee,2025-01-09,22:22:58,-08:00,2025-01-09T22:22:58-08:00,0,0
contact/index.html,20,html,e4c73750,calwilee,2025-01-09,22:22:58,-08:00,2025-01-09T22:22:58-08:00,0,76
contact/index.html,21,html,245ad1c9,calwilee,2025-01-17,16:41:28,-08:00,2025-01-17T16:41:28-08:00,0,66
contact/index.html,22,html,245ad1c9,calwilee,2025-01-17,16:41:28,-08:00,2025-01-17T16:41:28-08:00,0,62
contact/index.html,23,html,245ad1c9,calwilee,2025-01-17,16:41:28,-08:00,2025-01-17T16:41:28-08:00,0,63
contact/index.html,24,html,245ad1c9,calwilee,2025-01-17,16:41:28,-08:00,2025-01-17T16:41:28-08:00,0,0
contact/index.html,25,html,245ad1c9,calwilee,2025-01-17,16:41:28,-08:00,2025-01-17T16:41:28-08:00,0,36
contact/index.html,26,html,e4c73750,calwilee,2025-01-09,22:22:58,-08:00,2025-01-09T22:22:58-08:00,0,6
contact/index.html,27,html,e4c73750,calwilee,2025-01-09,22:22:58,-08:00,2025-01-09T22:22:58-08:00,0,0
contact/index.html,28,html,e4c73750,calwilee,2025-01-09,22:22:58,-08:00,2025-01-09T22:22:58-08:00,0,6
contact/index.html,29,html,e4c73750,calwilee,2025-01-09,22:22:58,-08:00,2025-01-09T22:22:58-08:00,0,6
